1.6177462289263502, 0.571428571428573
6.5866903283052665, 0.571428571428573
13.541792369121566, 0.28571428571428825
17.518367346938803, 0.571428571428573
22.48873114463177, 0.8571428571428541
27.456255545696564, 0.571428571428573
34.411357586512864, 0.2857142857142918
40.37409050576755, 0.28571428571428115
42.36166814551909, 0.28571428571428825
48.32440106477372, 0.28571428571428825
53.29334516415263, 0.28571428571428825
59.25607808340726, 0.2857142857142918
61.243655723158845, 0.28571428571428825
66.21259982253771, 0.2857142857142776
69.19396628216502, 0.2857142857142847
70.1877551020408, 0.2857142857142847
73.16912156166818, 0.28571428571428825
73.16912156166818, 0.28571428571428825
75.1552795031056, -3.552713678800501e-15
79.12901508429458, -0.2857142857142918
79.1318544809228, 0.2857142857142847
83.10700976042594, 0.28571428571428825
85.09458740017749, 0.2857142857142776
89.06974267968057, 0.2857142857142918
95.03247559893525, 0.2857142857142776
99.00763087843833, 0.2857142857142776
101.98899733806564, 0.28571428571428825
102.98278615794148, 0.28571428571428115
106.95936113575867, 0.5714285714285765
107.95173025732034, 0.28571428571428115
111.92688553682342, 0.28571428571429536
113.91446317657501, 0.28571428571428115
131.80692102928128, 1.1428571428571246
128.82555456965397, 1.1428571428571423
126.83797692990242, 1.1428571428571388
124.85039929015088, 1.1428571428571423
122.86282165039928, 1.1428571428571495
120.87524401064773, 1.1428571428571495
118.8876663708962, 1.1428571428571352
115.90629991126889, 1.1428571428571175
134.79396628216503, 2.285714285714292
136.7815439219166, 2.285714285714306
141.7504880212955, 2.285714285714299
145.72564330079857, 2.2857142857143167
147.71322094055017, 2.2857142857143025
150.69458740017748, 2.2857142857142954
151.68837622005324, 2.2857142857143167
152.68216503992903, 2.2857142857143025
155.66353149955634, 2.2857142857143202
159.63868677905947, 2.2857142857143202
162.6200532386868, 2.2857142857142883
164.60763087843833, 2.2857142857143096
166.59520851818988, 2.2857142857142883
168.58278615794148, 2.285714285714281
174.5455190771961, 2.285714285714281
178.5206743566992, 2.2857142857142847
183.48961845607812, 2.2857142857142954
187.46477373558116, 2.2857142857142883
191.44134871339844, 2.571428571428587
200.39396628216502, 4.285714285714301
205.36149068322985, 4.000000000000023
210.3332741792369, 4.571428571428566
212.3208518189885, 4.571428571428548
216.2960070984916, 4.571428571428552
219.2759538598048, 4.285714285714297
223.25678793256432, 5.428571428571452
225.24436557231587, 5.428571428571445
228.2257320319433, 5.428571428571422
230.21330967169482, 5.428571428571416
233.19893522626447, 6.285714285714253
236.18030168589178, 6.2857142857142545
238.16787932564333, 6.2857142857143025
242.14445430346052, 6.571428571428555
242.14445430346052, 6.571428571428555
245.12440106477376, 6.285714285714278
248.10576752440105, 6.285714285714269
255.06228926353157, 6.2857142857142545
258.04791481810116, 7.142857142857103
261.0292812777285, 7.142857142857096
265.0044365572316, 7.142857142857109
265.99822537710736, 7.14285714285713
268.98101153504876, 7.428571428571438
272.956166814552, 7.4285714285714075
275.9446317657498, 8.857142857142877
278.93167701863354, 9.999999999999984
282.90825199645076, 10.285714285714288
287.8757763975155, 9.999999999999991
290.85714285714283, 9.999999999999972
294.8379769299024, 11.142857142857144
299.8083407275954, 11.428571428571422
307.75865128660155, 11.428571428571416
312.7275953859804, 11.428571428571457
318.688908606921, 11.142857142857117
324.6516415261757, 11.142857142857093
324.6516415261757, 11.142857142857093
335.58331854480923, 11.142857142857103
330.61437444543037, 11.14285714285715
340.55226264418815, 11.142857142857094
343.5350488021296, 11.428571428571383
345.52262644188113, 11.428571428571415
349.4977817213842, 11.42857142857139
353.4729370008873, 11.428571428571422
357.44809228039037, 11.428571428571427
361.42182786157946, 11.14285714285715
367.3859804791482, 11.428571428571411
370.3673469387755, 11.428571428571376
374.3425022182786, 11.4285714285714
378.31623779946756, 11.142857142857093
385.29405501330973, 15.428571428571423
391.25678793256435, 15.428571428571422
395.2305235137533, 15.142857142857146
401.19325643300795, 15.1428571428571
406.1622005323869, 15.142857142857189
410.14303460514645, 16.285714285714228
416.1057675244011, 16.28571428571429
418.09334516415265, 16.285714285714306
419.08713398402847, 16.28571428571428
382.30700976042596, 14.285714285714253
381.3089618456079, 13.42857142857142
381.30470275066557, 12.571428571428505
423.06512866015976, 16.857142857142833
426.0464951197871, 16.85714285714284
428.0340727595386, 16.857142857142858
433.00869565217397, 17.999999999999968
437.97905944986695, 18.285714285714242
443.9417923691216, 18.28571428571423
447.9169476486248, 18.28571428571426
447.9169476486248, 18.28571428571426
448.9107364685005, 18.28571428571424
455.8715173025732, 19.142857142857153
456.87950310559006, 22.00000000000002
460.8617568766637, 23.42857142857144
466.8315882874889, 24.85714285714287
467.8296362023071, 25.71428571428573
468.82626441881104, 26.285714285714285
471.8133096716948, 27.428571428571452
471.8175687666371, 28.285714285714292
472.8170363797694, 29.428571428571438
475.80266193433897, 30.285714285714306
481.77817213842053, 32.85714285714287
481.77817213842053, 32.85714285714287
477.79733806566105, 31.71428571428571
483.7742679680568, 34.571428571428584
483.7756876663709, 34.85714285714289
488.7545696539484, 36.85714285714286
489.74977817213846, 37.14285714285714
491.7430346051465, 38.28571428571428
495.7267080745342, 40.00000000000003
499.71606033717836, 42.85714285714287
500.7197870452529, 44.85714285714285
504.7091393078971, 47.71428571428575
505.7086069210293, 48.85714285714289
504.71907719609584, 49.71428571428574
503.7309671694765, 50.85714285714285
503.73948535936114, 52.5714285714286
504.73895297249334, 53.71428571428573
505.7370008873114, 54.571428571428584
507.7373558118899, 57.14285714285714
508.7382431233363, 58.571428571428584
509.7391304347825, 60.00000000000003
512.7346938775511, 62.85714285714286
512.7375332741792, 63.42857142857143
513.7384205856256, 64.85714285714286
517.7220940550134, 66.5714285714286
517.7277728482698, 67.71428571428572
519.723868677906, 69.42857142857142
521.7171251109139, 70.57142857142858
524.7027506654836, 71.42857142857147
524.7055900621117, 72
525.7036379769299, 72.85714285714289
528.6992014196983, 75.71428571428575
529.6944099378882, 76
530.6924578527062, 76.85714285714286
533.6780834072761, 77.71428571428572
534.6775510204083, 78.85714285714289
538.6640638864242, 81.14285714285717
538.6640638864242, 81.14285714285717
540.6544809228039, 81.71428571428572
542.6463176574978, 82.57142857142856
543.6429458740017, 83.14285714285714
544.6395740905057, 83.71428571428572
546.6328305235138, 84.85714285714288
553.5978704525288, 86.57142857142857
554.5959183673468, 87.42857142857143
555.5911268855368, 87.71428571428574
557.5872227151731, 89.42857142857143
558.582431233363, 89.71428571428572
558.6008873114463, 93.42857142857144
565.5716060337179, 96.2857142857143
565.573025732032, 96.5714285714286
562.5888198757764, 96
561.5907719609584, 95.14285714285712
560.5955634427685, 94.85714285714289
548.6275066548358, 86.28571428571429
546.6356699201419, 85.42857142857146
526.701685891748, 73.71428571428572
526.6974267968058, 72.85714285714288
534.6718722271519, 77.71428571428574
539.6578527062999, 81.14285714285714
537.6688553682343, 80.85714285714288
534.6775510204083, 78.85714285714289
533.676663708962, 77.42857142857147
523.6961845607808, 68.85714285714285
567.567701863354, 98.00000000000003
569.560958296362, 99.14285714285712
571.5499556344278, 99.42857142857146
573.5432120674357, 100.57142857142857
573.548890860692, 101.7142857142857
578.5192546583852, 102
578.5192546583852, 102
580.5167701863354, 104
582.5086069210294, 104.85714285714286
582.5086069210294, 104.85714285714286
582.5114463176575, 105.42857142857142
589.4793256433009, 107.71428571428571
586.4965394853593, 107.42857142857144
585.4942324755989, 105.71428571428572
591.4725820763088, 108.85714285714288
590.4816326530613, 109.42857142857144
591.4825199645076, 110.85714285714289
594.4638864241348, 110.85714285714283
594.4709849157055, 112.2857142857143
594.4724046140195, 112.5714285714286
597.4594498669032, 113.71428571428575
599.4555456965395, 115.42857142857147
600.4521739130435, 116.00000000000001
606.4234250221828, 117.71428571428574
606.4248447204968, 118
606.4291038154392, 118.85714285714288
609.4204081632654, 120.85714285714286
612.4117125110914, 122.85714285714285
614.400709849157, 123.1428571428572
615.3987577639753, 124.00000000000003
619.3810115350489, 125.42857142857143
622.3666370896186, 126.28571428571426
624.3570541259984, 126.85714285714289
627.3455190771962, 128.28571428571428
627.3455190771962, 128.28571428571428
633.3224489795917, 131.14285714285714
635.3142857142855, 132.00000000000003
630.3368234250222, 130.2857142857143
630.3368234250222, 130.2857142857143
637.3089618456078, 133.42857142857144
639.306477373558, 135.42857142857144
640.3045252883763, 136.2857142857143
643.2887311446318, 136.85714285714283
643.290150842946, 137.1428571428571
643.290150842946, 137.1428571428571
645.283407275954, 138.2857142857143
646.281455190772, 139.1428571428572
649.2699201419699, 140.5714285714286
651.2603371783497, 141.14285714285717
652.2555456965395, 141.42857142857142
656.2335403726707, 142
658.2239574090505, 142.57142857142856
658.2310559006211, 144
661.2209405501332, 145.71428571428572
663.2113575865128, 146.28571428571428
664.2094055013308, 147.14285714285714
666.2012422360249, 148.00000000000003
668.194498669033, 149.14285714285714
671.1815439219166, 150.2857142857143
672.1781721384207, 150.85714285714286
674.1700088731146, 151.71428571428572
675.1652173913043, 152
678.1536823425024, 153.42857142857144
679.1488908606921, 153.71428571428572
680.1483584738243, 154.85714285714286
681.1464063886424, 155.71428571428572
684.1391304347826, 158.00000000000003
686.1338065661047, 159.42857142857142
688.1256433007986, 160.28571428571428
689.1251109139308, 161.42857142857144
691.1169476486248, 162.28571428571433
693.1102040816329, 163.42857142857144
698.0905057675243, 165.71428571428572
700.0837622005325, 166.8571428571429
695.1091393078971, 165.71428571428575
695.1034605146407, 164.57142857142858
703.0722271517302, 168.28571428571428
703.0736468500444, 168.57142857142858
706.0649511978705, 170.57142857142864
706.0677905944988, 171.1428571428572
707.068677905945, 172.57142857142858
707.0729370008872, 173.42857142857147
711.0566104702751, 175.14285714285717
713.0498669032829, 176.28571428571433
714.0464951197872, 176.85714285714283
719.0239574090508, 178.57142857142858
719.0267968056789, 179.14285714285717
721.020053238687, 180.28571428571428
724.0056787932565, 181.14285714285714
725.9989352262645, 182.28571428571428
728.9874001774625, 183.71428571428572
729.9854480922805, 184.57142857142858
732.9724933451643, 185.71428571428572
736.9590062111803, 188
736.9590062111803, 188
737.9556344276839, 188.57142857142858
735.9637976929902, 187.71428571428575
736.9703637976932, 190.2857142857143
738.9607808340728, 190.8571428571429
740.9554569653949, 192.2857142857143
742.9487133984029, 193.42857142857142
743.945341614907, 194
746.9352262644189, 195.71428571428572
748.928482697427, 196.85714285714286
750.921739130435, 198.00000000000003
751.9183673469388, 198.57142857142856
753.9130434782609, 199.99999999999997
755.9034605146409, 200.57142857142858
757.8981366459627, 202
758.8961845607806, 202.8571428571429
760.8880212954748, 203.71428571428572
763.8736468500445, 204.57142857142858
764.8731144631769, 205.71428571428575
769.8534161490683, 207.99999999999997
769.8534161490683, 207.99999999999997
767.8615794143744, 207.1428571428571
767.8615794143744, 207.1428571428571
772.8404614019522, 209.14285714285717
775.82892635315, 210.57142857142858
775.8346051464064, 211.71428571428572
777.8278615794144, 212.8571428571429
778.8244897959185, 213.42857142857142
779.8225377107365, 214.2857142857143
783.8047914818101, 215.71428571428575
785.79520851819, 216.28571428571433
786.7889973380657, 216.28571428571433
791.7579414374445, 216.28571428571433
793.7440993788822, 216.00000000000006
799.7068322981368, 216.00000000000003
803.683407275954, 216.28571428571433
805.6738243123339, 216.85714285714283
808.6551907719611, 216.85714285714283
812.6317657497783, 217.14285714285714
816.6083407275955, 217.42857142857144
820.5834960070987, 217.42857142857144
823.5648624667258, 217.42857142857147
830.5213842058563, 217.42857142857147
832.5089618456079, 217.42857142857147
834.4965394853594, 217.42857142857144
841.4530612244899, 217.42857142857147
842.4468500443656, 217.42857142857142
845.428216503993, 217.42857142857144
852.3847382431236, 217.42857142857142
856.3598935226265, 217.42857142857144
860.3336291038155, 217.14285714285717
862.321206743567, 217.14285714285717
872.2576752440107, 216.85714285714286
874.2452528837624, 216.85714285714286
878.2204081632653, 216.85714285714283
894.1196095829638, 216.57142857142858
866.2963620230702, 217.14285714285717
878.2232475598936, 217.42857142857142
882.1984028393966, 217.42857142857144
885.1797692990241, 217.42857142857144
886.1721384205856, 217.14285714285717
886.1721384205856, 217.14285714285717
891.1410825199647, 217.1428571428571
895.1162377994677, 217.14285714285717
895.1162377994677, 217.14285714285717
897.1023957409051, 216.85714285714286
900.0837622005325, 216.8571428571429
